Country,Year,Limiting_Magnitude
Afghanistan,2006,7.0
Afghanistan,2010,5.571428571428571
Afghanistan,2012,5.0
Afghanistan,2015,-3330.0
Afghanistan,2017,7.0
Albania,2006,5.0
Albania,2009,4.0
Albania,2018,6.0
Albania,2023,1.0
Algeria,2006,3.272727272727273
Algeria,2009,5.0
Algeria,2010,-4406.612903225807
Algeria,2012,6.0
Algeria,2013,-1173.235294117647
Algeria,2014,3.8
Algeria,2016,3.727272727272727
Algeria,2021,3.5
Andorra,2015,2.0
Andorra,2021,3.0
Angola,2009,3.0
Angola,2010,-9999.0
Antarctica,2011,-9999.0
Antarctica,2012,5.0
Antarctica,2014,-4998.5
Antarctica,2015,2.8333333333333335
Antarctica,2016,4.666666666666667
Antarctica,2017,3.2222222222222223
Antarctica,2020,4.0
Antarctica,2021,-9999.0
Antarctica,2023,0.6666666666666666
Argentina,2006,3.8194444444444446
Argentina,2007,-561.9433962264151
Argentina,2008,-3115.021505376344
Argentina,2009,3.889655172413793
Argentina,2010,-184.40125391849529
Argentina,2011,3.730769230769231
Argentina,2012,-2070.3837342497136
Argentina,2013,-378.3010752688172
Argentina,2014,3.263157894736842
Argentina,2015,-189.0
Argentina,2016,4.128205128205129
Argentina,2017,3.3125
Argentina,2018,3.2222222222222223
Argentina,2019,3.1666666666666665
Argentina,2020,-1264.9647887323943
Argentina,2021,-267.2432432432432
Argentina,2022,3.25
Argentina,2023,2.5
Armenia,2017,1.0
Armenia,2020,3.0
Aruba,2011,6.0
Aruba,2015,4.5
Aruba,2017,5.0
Aruba,2019,-831.1666666666666
Aruba,2020,2.0
Australia,2006,4.206521739130435
Australia,2007,-1136.986577181208
Australia,2008,-359.3272727272727
Australia,2009,4.473214285714286
Australia,2010,-662.4916666666667
Australia,2011,-599.7586206896551
Australia,2012,-1680.6421052631579
Australia,2013,-48.09090909090909
Australia,2014,-157.6549295774648
Australia,2015,-31.918181818181818
Australia,2016,-56.193939393939395
Australia,2017,-3.663677130044843
Australia,2018,-794.64
Australia,2019,5.285714285714286
Australia,2020,-2647.1410023370554
Australia,2021,-2086.10447761194
Australia,2022,-1871.5208333333333
Australia,2023,-563.9886363636364
Austria,2006,4.5
Austria,2007,4.0
Austria,2008,7.0
Austria,2009,5.6
Austria,2010,5.0
Austria,2011,-1246.0416666666667
Austria,2012,3.625
Austria,2013,4.629032258064516
Austria,2014,-48.10526315789474
Austria,2015,-6.648044692737431
Austria,2016,-16.977777777777778
Austria,2017,5.367647058823529
Austria,2018,4.5
Austria,2019,4.625
Austria,2020,3.909090909090909
Austria,2021,4.5
Austria,2022,2.4545454545454546
Austria,2023,3.5
Azerbaijan,2012,6.0
Azerbaijan,2013,3.0
Azerbaijan,2019,-1998.0
Azerbaijan,2021,-9999.0
Bahrain,2010,2.6
Bahrain,2011,1.0
Bahrain,2013,1.0
Bahrain,2014,3.7142857142857144
Bahrain,2016,2.0
Bahrain,2017,3.3333333333333335
Bahrain,2020,2.909090909090909
Bahrain,2021,-6314.368421052632
Bahrain,2022,-3748.5833333333335
Baker Island,2020,2.0
Bangladesh,2013,2.0
Bangladesh,2015,-496.5
Bangladesh,2016,3.3333333333333335
Bangladesh,2020,2.0
Bangladesh,2021,-6663.666666666667
Bangladesh,2023,5.0
Barbados,2017,4.0
Barbados,2020,6.0
Belarus,2007,5.0
Belarus,2011,6.0
Belarus,2013,5.0
Belarus,2014,-9999.0
Belgium,2007,3.72972972972973
Belgium,2008,-1997.2
Belgium,2009,3.5714285714285716
Belgium,2010,3.761904761904762
Belgium,2011,3.5
Belgium,2012,-156.7741935483871
Belgium,2013,-80.67796610169492
Belgium,2014,-24.55072463768116
Belgium,2015,-5.405405405405405
Belgium,2016,4.216216216216216
Belgium,2017,4.8125
Belgium,2018,3.875
Belgium,2019,3.6666666666666665
Belgium,2020,5.425
Belgium,2021,-545.7551487414188
Belgium,2022,-176.74774774774775
Belgium,2023,-1264.3098591549297
Belize,2009,5.5
Belize,2010,2.0
Belize,2011,4.5
Benin,2006,3.5
Benin,2008,3.0
Benin,2011,7.0
Bermuda,2010,4.333333333333333
Bhutan,2006,2.0
Bhutan,2011,3.0
Bolivia,2006,3.0
Bolivia,2007,3.0
Bolivia,2009,3.0
Bolivia,2010,-1997.3
Bolivia,2011,-3997.8
Bolivia,2015,2.0
Bolivia,2016,3.5
Bolivia,2017,6.0
Bolivia,2020,4.0
Bolivia,2021,5.5
Bolivia,2023,3.0
Bosnia and Herzegovina,2006,5.0
Bosnia and Herzegovina,2009,5.0
Bosnia and Herzegovina,2011,3.0
Bosnia and Herzegovina,2013,5.0
Bosnia and Herzegovina,2020,4.0
Bosnia and Herzegovina,2022,2.4
Botswana,2007,7.0
Botswana,2011,4.0
Botswana,2013,3.0
Botswana,2017,2.0
Botswana,2023,4.75
Brazil,2006,4.0
Brazil,2009,4.84375
Brazil,2010,-685.0689655172414
Brazil,2011,-829.5648148148148
Brazil,2012,-457.66153846153844
Brazil,2013,-117.4065934065934
Brazil,2014,-313.719512195122
Brazil,2015,-163.42424242424244
Brazil,2016,-267.0
Brazil,2017,-762.1887755102041
Brazil,2018,-1324.9513274336284
Brazil,2019,-305.91752577319585
Brazil,2020,-706.5820895522388
Brazil,2021,-203.24827586206897
Brazil,2022,-1588.7386363636363
Brazil,2023,-341.9655172413793
British Indian Ocean Territory,2014,3.0
British Virgin Islands,2014,5.0
Brunei Darussalam,2013,2.0
Brunei Darussalam,2020,2.0
Brunei Darussalam,2021,-9999.0
Bulgaria,2006,2.3333333333333335
Bulgaria,2008,4.5
Bulgaria,2009,3.1951219512195124
Bulgaria,2010,-1511.8484848484848
Bulgaria,2011,-1425.642857142857
Bulgaria,2012,-1535.423076923077
Bulgaria,2013,-2530.5866666666666
Bulgaria,2014,-1751.561403508772
Bulgaria,2015,-686.5172413793103
Bulgaria,2016,-2854.4285714285716
Bulgaria,2017,-1996.2
Bulgaria,2019,4.0
Bulgaria,2020,-4998.0
Bulgaria,2021,6.0
Bulgaria,2022,2.4
Bulgaria,2023,5.0
Burkina Faso,2006,2.0
Burkina Faso,2017,6.0
Cambodia,2006,4.0
Cambodia,2013,5.0
Cambodia,2014,3.5
Cambodia,2016,6.0
Cambodia,2019,2.0
Cambodia,2021,2.0
Cameroon,2006,3.6666666666666665
Cameroon,2007,3.25
Cameroon,2008,3.0
Cameroon,2009,3.5
Canada,2006,3.922222222222222
Canada,2007,-1265.4440298507463
Canada,2008,-2017.090909090909
Canada,2009,4.034285714285715
Canada,2010,-1085.8443579766538
Canada,2011,-381.29881656804736
Canada,2012,-988.2261904761905
Canada,2013,-558.5284210526315
Canada,2014,-611.0136054421769
Canada,2015,-218.3360433604336
Canada,2016,-361.9639175257732
Canada,2017,-543.7013574660633
Canada,2018,-2397.1866666666665
Canada,2019,-3454.946808510638
Canada,2020,-1591.2222222222222
Canada,2021,-1289.4325842696628
Canada,2022,-1582.8577235772357
Canada,2023,-230.4360465116279
Cape Verde,2022,-9999.0
Cayman Islands,2006,6.0
Cayman Islands,2011,3.0
Cayman Islands,2012,3.0
Cayman Islands,2015,5.0
Cayman Islands,2019,4.0
Cayman Islands,2023,-9999.0
Central African Republic,2006,5.0
Chad,2006,4.454545454545454
Chad,2008,4.0
Chad,2010,5.0
Chad,2011,5.0
Chad,2013,2.0
Chad,2016,3.0
Chad,2017,1.0
Chad,2019,3.0
Chad,2020,5.0
Chad,2021,3.0
Chile,2006,4.101351351351352
Chile,2007,-1082.9728260869565
Chile,2008,-142.44117647058823
Chile,2009,-7.306264501160093
Chile,2010,-210.74545454545455
Chile,2011,-447.9717514124294
Chile,2012,-345.02669404517457
Chile,2013,-145.86143572621035
Chile,2014,-778.3189338235294
Chile,2015,-352.8799454297408
Chile,2016,-397.646288209607
Chile,2017,-2124.255319148936
Chile,2018,-483.9390243902439
Chile,2019,-123.31645569620254
Chile,2020,-1385.6666666666667
Chile,2021,-1723.7644882860666
Chile,2022,-1806.276595744681
Chile,2023,2.6161137440758293
China,2006,2.5
China,2009,3.391304347826087
China,2010,-2985.682926829268
China,2011,-2664.75
China,2012,-637.4944
China,2013,-975.554347826087
China,2014,-805.2692307692307
China,2015,-29.40909090909091
China,2016,-1300.695652173913
China,2017,-431.04347826086956
China,2018,5.0
China,2019,-6248.375
China,2020,-2338.2872340425533
China,2021,-3887.0
China,2022,-4760.0
China,2023,3.5
Colombia,2006,2.2857142857142856
Colombia,2007,3.3333333333333335
Colombia,2009,2.852272727272727
Colombia,2010,-1426.077922077922
Colombia,2011,-3700.0626865671643
Colombia,2012,-1216.5853658536585
Colombia,2013,-854.6857142857143
Colombia,2014,-1886.111111111111
Colombia,2015,-1291.4117647058824
Colombia,2016,-3329.3333333333335
Colombia,2017,3.909090909090909
Colombia,2018,-1997.2
Colombia,2019,-2886.733333333333
Colombia,2020,-3550.4401544401544
Colombia,2021,-4586.401960784314
Colombia,2022,-5054.754716981132
Colombia,2023,3.0
Cook Islands,2017,2.0
Cook Islands,2021,1.0
Costa Rica,2007,-823.9281767955802
Costa Rica,2008,-1793.1328125
Costa Rica,2009,5.666666666666667
Costa Rica,2010,5.2
Costa Rica,2011,6.0
Costa Rica,2012,4.0
Costa Rica,2013,3.1
Costa Rica,2014,3.5
Costa Rica,2015,-84.57522123893806
Costa Rica,2016,-1173.5294117647059
Costa Rica,2017,4.4021739130434785
Costa Rica,2019,4.0
Costa Rica,2020,-9999.0
Costa Rica,2022,6.0
Costa Rica,2023,0.0
Croatia,2006,2.7435897435897436
Croatia,2007,-1944.8701298701299
Croatia,2008,-1478.2962962962963
Croatia,2009,4.087719298245614
Croatia,2010,-693.8372093023256
Croatia,2011,-4016.692671394799
Croatia,2012,-3585.2090395480227
Croatia,2013,-208.4468085106383
Croatia,2014,-3708.3256109171693
Croatia,2015,-2633.7006622516556
Croatia,2016,-2068.80200729927
Croatia,2017,-1362.4095238095238
Croatia,2018,-3142.6451612903224
Croatia,2019,-862.7207792207793
Croatia,2020,-810.3190148911798
Croatia,2021,-3039.6916691372667
Croatia,2022,-1985.07282097244
Croatia,2023,-2092.532311621967
Cuba,2006,3.0
Cuba,2010,4.545454545454546
Cuba,2017,4.0
Cuba,2019,2.0
Cuba,2021,-9999.0
Cuba,2022,3.0
Cuba,2023,3.5
Cyprus,2006,2.0
Cyprus,2010,-3074.5384615384614
Cyprus,2013,6.0
Cyprus,2014,6.0
Cyprus,2015,5.111111111111111
Cyprus,2016,4.444444444444445
Cyprus,2017,4.75
Cyprus,2019,4.25
Cyprus,2022,4.0
Cyprus,2023,4.190476190476191
Czech Republic,2006,3.0
Czech Republic,2007,-2288.875
Czech Republic,2008,-1713.4850746268658
Czech Republic,2009,3.251497005988024
Czech Republic,2010,-1227.2871794871794
Czech Republic,2011,-970.2815789473684
Czech Republic,2012,-458.71098265895955
Czech Republic,2013,-1043.8380952380953
Czech Republic,2014,-2187.5809523809526
Czech Republic,2015,-1030.7701149425288
Czech Republic,2016,-653.2700729927008
Czech Republic,2017,-1266.6031746031747
Czech Republic,2018,-996.5
Czech Republic,2019,-532.375
Czech Republic,2020,-451.56060606060606
Czech Republic,2021,-1201.5180722891566
Czech Republic,2022,-319.16129032258067
Czech Republic,2023,-811.4418604651163
Côte d'Ivoire,2006,3.4
Côte d'Ivoire,2019,4.0
Democratic Republic of the Congo,2011,3.0
Democratic Republic of the Congo,2016,2.0
Democratic Republic of the Congo,2017,1.0
Democratic Republic of the Congo,2023,1.0
Denmark,2007,-1996.8
Denmark,2008,-1997.4
Denmark,2009,3.5
Denmark,2010,5.0
Denmark,2011,4.5
Denmark,2012,3.875
Denmark,2013,-172.75806451612902
Denmark,2014,-78.34862385321101
Denmark,2015,-44.095238095238095
Denmark,2016,4.166666666666667
Denmark,2017,4.583333333333333
Denmark,2018,5.5
Denmark,2019,5.0
Denmark,2020,-496.25
Denmark,2021,5.846153846153846
Denmark,2022,4.0
Denmark,2023,4.571428571428571
Dominican Republic,2008,3.0
Dominican Republic,2012,-523.6315789473684
Dominican Republic,2013,1.0
Dominican Republic,2014,2.0
Dominican Republic,2015,3.0
Dominican Republic,2016,2.5555555555555554
Dominican Republic,2017,1.0
Dominican Republic,2019,5.5
Dominican Republic,2020,-9999.0
Dominican Republic,2021,3.5
Dominican Republic,2022,4.0
Ecuador,2008,6.25
Ecuador,2009,6.0
Ecuador,2010,4.0
Ecuador,2011,4.666666666666667
Ecuador,2013,-4998.25
Ecuador,2014,5.0
Ecuador,2015,6.0
Ecuador,2016,4.0
Ecuador,2017,4.666666666666667
Ecuador,2020,1.5
Ecuador,2022,1.0
Ecuador,2023,0.0
Egypt,2006,2.5
Egypt,2007,4.0
Egypt,2009,3.6666666666666665
Egypt,2010,4.0
Egypt,2012,4.333333333333333
Egypt,2013,4.111111111111111
Egypt,2014,4.5
Egypt,2015,3.7142857142857144
Egypt,2016,3.6666666666666665
Egypt,2017,6.0
Egypt,2020,-1224.3301886792453
Egypt,2021,-3868.3548387096776
Egypt,2023,2.4285714285714284
El Salvador,2006,4.25
El Salvador,2009,5.0
El Salvador,2011,3.0
El Salvador,2012,-4999.0
El Salvador,2013,5.0
El Salvador,2014,3.0
El Salvador,2015,4.214285714285714
El Salvador,2016,4.0
Eritrea,2006,2.0
Estonia,2007,-3040.6521739130435
Estonia,2008,4.0588235294117645
Estonia,2009,3.52
Estonia,2010,-2139.9285714285716
Estonia,2011,4.2727272727272725
Estonia,2012,3.6
Estonia,2013,3.7
Estonia,2014,3.3125
Estonia,2015,5.0
Estonia,2016,2.5
Estonia,2017,4.0
Estonia,2018,4.0
Estonia,2019,4.0
Estonia,2022,-4998.5
Estonia,2023,4.705882352941177
Ethiopia,2011,5.0
Ethiopia,2017,2.0
Ethiopia,2020,2.0
Falkland Islands,2021,6.0
Fiji,2006,7.0
Fiji,2012,5.0
Fiji,2014,6.0
Finland,2006,4.176470588235294
Finland,2007,4.0625
Finland,2008,-3633.590909090909
Finland,2009,4.426229508196721
Finland,2010,-584.1176470588235
Finland,2011,3.903225806451613
Finland,2012,-1106.8333333333333
Finland,2013,-375.8101265822785
Finland,2014,-596.32
Finland,2015,-412.5
Finland,2016,3.875
Finland,2017,4.95
Finland,2019,4.333333333333333
Finland,2020,4.277777777777778
Finland,2021,2.5
Finland,2022,1.0
France,2006,4.0
France,2007,-184.60377358490567
France,2008,-3886.3333333333335
France,2009,3.9565217391304346
France,2010,-1300.6376811594203
France,2011,-430.963768115942
France,2012,-140.46859903381642
France,2013,-688.5952380952381
France,2014,-75.3558282208589
France,2015,-143.2625
France,2016,-69.54477611940298
France,2017,2.692488262910798
France,2018,-1162.0666666666666
France,2019,-206.37894736842105
France,2020,-154.3015873015873
France,2021,-4703.117647058823
France,2022,-258.6578947368421
France,2023,3.925925925925926
French Polynesia,2011,0.0
French Polynesia,2014,2.0
French Polynesia,2019,4.0
Georgia,2006,1.0
Georgia,2016,4.0
Georgia,2019,5.0
Germany,2006,4.2745098039215685
Germany,2007,-1257.7657657657658
Germany,2008,-3418.3026315789475
Germany,2009,3.9921259842519685
Germany,2010,-301.7551020408163
Germany,2011,-613.1903485254692
Germany,2012,-564.1206496519721
Germany,2013,-504.12780898876406
Germany,2014,-76.30591630591631
Germany,2015,-48.704029304029305
Germany,2016,-208.51694915254237
Germany,2017,-92.60971786833856
Germany,2018,-1072.9538461538461
Germany,2019,-434.4605263157895
Germany,2020,-492.5
Germany,2021,-1041.641791044776
Germany,2022,-1132.5641025641025
Germany,2023,-2050.7006269592475
Ghana,2008,5.333333333333333
Ghana,2009,3.5
Ghana,2010,-5382.923076923077
Ghana,2011,3.0
Ghana,2012,2.6666666666666665
Ghana,2013,2.0
Ghana,2014,2.5
Gibraltar,2015,5.0
Greece,2006,3.6666666666666665
Greece,2007,-1246.125
Greece,2008,-853.1428571428571
Greece,2009,3.8125
Greece,2010,4.023809523809524
Greece,2011,-431.9130434782609
Greece,2012,-997.1
Greece,2013,-366.0740740740741
Greece,2014,-641.258064516129
Greece,2015,4.574074074074074
Greece,2016,-853.5142857142857
Greece,2017,-223.6818181818182
Greece,2018,-1173.9411764705883
Greece,2019,6.0
Greece,2020,3.4285714285714284
Greece,2021,2.5
Greece,2022,-3997.96
Greece,2023,1.565217391304348
Greenland,2006,4.0
Greenland,2013,5.0
Greenland,2014,4.0
Greenland,2015,-9999.0
Greenland,2017,3.0
Greenland,2023,3.0
Guadeloupe,2020,4.5
Guadeloupe,2023,3.0
Guam,2010,3.6
Guam,2013,4.666666666666667
Guam,2015,3.0
Guam,2021,4.0
Guatemala,2007,4.0
Guatemala,2008,-9999.0
Guatemala,2009,3.25
Guatemala,2010,4.428571428571429
Guatemala,2011,-681.8082191780821
Guatemala,2012,3.2142857142857144
Guatemala,2013,-906.25
Guatemala,2014,4.0
Guatemala,2015,4.0
Guatemala,2016,4.0
Guatemala,2020,2.0
Guatemala,2021,3.0
Guatemala,2023,3.6666666666666665
Guernsey,2011,7.0
Guinea,2006,4.0
Guinea,2007,5.0
Haiti,2006,4.0
Honduras,2006,3.9393939393939394
Honduras,2009,4.0
Honduras,2010,4.4
Honduras,2011,3.0
Honduras,2017,1.0
Honduras,2022,2.0
Hungary,2006,3.6779661016949152
Hungary,2007,-536.4749034749035
Hungary,2008,-706.4947368421052
Hungary,2009,3.9344978165938866
Hungary,2010,-2102.184210526316
Hungary,2011,-796.6
Hungary,2012,-275.54545454545456
Hungary,2013,4.707692307692308
Hungary,2014,-222.25
Hungary,2015,4.888888888888889
Hungary,2016,5.931034482758621
Hungary,2017,5.6
Hungary,2018,6.0
Hungary,2019,5.882352941176471
Hungary,2020,6.05
Hungary,2021,5.96875
Hungary,2022,5.794117647058823
Hungary,2023,5.225806451612903
Iceland,2011,6.0
Iceland,2012,-9999.0
Iceland,2013,0.0
Iceland,2014,3.0
Iceland,2015,6.0
Iceland,2019,6.0
Iceland,2021,5.428571428571429
India,2006,3.051282051282051
India,2007,4.0
India,2008,3.6
India,2009,3.311111111111111
India,2010,-259.39473684210526
India,2011,-524.5777460770328
India,2012,-297.16491085899514
India,2013,-110.12922173274596
India,2014,-895.1369047619048
India,2015,-461.5581395348837
India,2016,-1512.030303030303
India,2017,-3868.8451612903227
India,2018,-2296.9540229885056
India,2019,-517.4791666666666
India,2020,-3300.669724770642
India,2021,-2548.3367346938776
India,2022,-1769.4683544303798
India,2023,-42.44
Indonesia,2006,4.0
Indonesia,2009,2.5
Indonesia,2011,-1330.2666666666667
Indonesia,2012,-3330.3888888888887
Indonesia,2013,-843.0
Indonesia,2014,-79.41666666666667
Indonesia,2015,3.4444444444444446
Indonesia,2016,-1662.5
Indonesia,2017,-711.3571428571429
Indonesia,2018,-3331.3333333333335
Indonesia,2019,-2914.0416666666665
Indonesia,2020,-4372.8125
Indonesia,2021,-1815.7272727272727
Indonesia,2022,-4194.1398601398605
Indonesia,2023,-38.36390243902439
Iran,2006,5.0
Iran,2009,2.75
Iran,2010,-1996.2
Iran,2011,4.0
Iran,2012,-1998.0
Iran,2013,3.6875
Iran,2014,-646.15
Iran,2015,-1107.6666666666667
Iran,2016,4.0
Iran,2017,2.8
Iran,2020,4.0
Iran,2021,-1247.625
Iran,2023,6.0
Iraq,2011,3.0
Iraq,2013,5.8
Iraq,2016,4.0
Iraq,2017,2.0
Iraq,2021,-4998.5
Iraq,2022,2.0
Iraq,2023,1.0
Ireland,2006,2.0
Ireland,2007,4.0
Ireland,2008,2.3333333333333335
Ireland,2009,4.076923076923077
Ireland,2010,3.3333333333333335
Ireland,2011,-710.5
Ireland,2012,-1107.888888888889
Ireland,2013,4.176470588235294
Ireland,2014,-253.45945945945945
Ireland,2015,-181.26153846153846
Ireland,2016,-765.2051282051282
Ireland,2017,5.178571428571429
Ireland,2018,3.7333333333333334
Ireland,2019,-196.76
Ireland,2020,5.2
Ireland,2021,5.6923076923076925
Ireland,2022,4.222222222222222
Ireland,2023,2.909090909090909
Isle of Man,2009,4.0
Isle of Man,2010,5.222222222222222
Isle of Man,2011,6.0
Isle of Man,2013,4.0
Isle of Man,2015,6.0
Israel,2007,2.0
Israel,2009,2.857142857142857
Israel,2010,3.2857142857142856
Israel,2011,3.8461538461538463
Israel,2012,2.6666666666666665
Israel,2013,3.142857142857143
Israel,2014,2.0
Israel,2015,4.090909090909091
Israel,2016,-39.04347826086956
Israel,2020,3.0
Israel,2021,-3180.0454545454545
Israel,2022,1.6
Israel,2023,2.0
Italy,2006,3.727272727272727
Italy,2007,4.111111111111111
Italy,2008,-496.7625
Italy,2009,3.909090909090909
Italy,2010,3.7083333333333335
Italy,2011,-200.51020408163265
Italy,2012,-223.88636363636363
Italy,2013,-358.9932735426009
Italy,2014,-559.4942528735633
Italy,2015,-348.9741379310345
Italy,2016,-1074.820143884892
Italy,2017,-226.7741935483871
Italy,2018,-1150.8846153846155
Italy,2019,-473.6190476190476
Italy,2020,-935.0625
Italy,2021,-1539.2602409638555
Italy,2022,-500.3905325443787
Italy,2023,-33.73855633802817
Jamaica,2012,4.8
Jamaica,2013,4.0
Jamaica,2014,6.0
Jamaica,2016,6.0
Jamaica,2018,4.0
Jamaica,2020,4.0
Jamaica,2023,2.5
Japan,2006,4.0
Japan,2007,3.0
Japan,2008,3.6666666666666665
Japan,2009,3.95
Japan,2010,-1664.2222222222222
Japan,2011,-812.8707482993198
Japan,2012,-121.4125
Japan,2013,-1222.5558912386707
Japan,2014,-1361.5357142857142
Japan,2015,-1956.3179551122194
Japan,2016,-1649.4529307282417
Japan,2017,-204.8125
Japan,2018,-742.8864406779661
Japan,2019,-1102.928455284553
Japan,2020,-1178.177065767285
Japan,2021,-416.66386554621846
Japan,2022,-1318.2905660377357
Japan,2023,-2177.4416826003826
Jordan,2011,3.0
Jordan,2013,4.666666666666667
Jordan,2017,4.0
Jordan,2021,3.0
Kazakhstan,2006,4.4
Kazakhstan,2007,-1247.375
Kazakhstan,2008,4.0
Kazakhstan,2010,-4998.0
Kazakhstan,2011,5.5
Kazakhstan,2013,3.25
Kazakhstan,2015,3.75
Kazakhstan,2017,2.0
Kazakhstan,2018,-9999.0
Kazakhstan,2020,2.0
Kenya,2011,4.0
Kenya,2012,1.0
Kenya,2014,1.3333333333333333
Kenya,2020,4.0
Kenya,2021,-9999.0
Kenya,2022,3.0
Kenya,2023,-2854.1428571428573
Kiribati,2023,0.0
Kuwait,2009,2.0
Kuwait,2010,3.0
Kuwait,2013,7.0
Kuwait,2014,3.6666666666666665
Kuwait,2015,2.0
Kuwait,2016,3.0
Kuwait,2021,-1663.6666666666667
Kuwait,2022,-3330.3333333333335
Kuwait,2023,3.5
Kyrgyzstan,2007,-1815.8181818181818
Kyrgyzstan,2009,1.8
Kyrgyzstan,2011,-9999.0
Kyrgyzstan,2015,5.5
Laos,2015,5.0
Laos,2016,4.5
Laos,2017,-999.0
Latvia,2006,3.25
Latvia,2007,3.0
Latvia,2009,3.5
Latvia,2010,3.25
Latvia,2011,4.0
Latvia,2012,-829.4166666666666
Latvia,2013,2.3333333333333335
Latvia,2014,-330.6666666666667
Latvia,2015,5.266666666666667
Latvia,2016,-906.0
Lebanon,2007,-3331.6666666666665
Lebanon,2009,2.8
Lebanon,2011,3.0
Lebanon,2014,-499.0
Lebanon,2015,3.0
Lebanon,2017,2.6666666666666665
Lebanon,2022,-6248.5
Lebanon,2023,-3998.2
Liberia,2015,3.25
Liberia,2020,1.5
Libya,2006,4.666666666666667
Libya,2010,3.0
Libya,2012,7.0
Libya,2013,6.0
Liechtenstein,2013,3.0
Liechtenstein,2016,6.0
Liechtenstein,2023,4.0
Lithuania,2006,3.0
Lithuania,2008,-3331.0
Lithuania,2009,3.0
Lithuania,2010,-2663.0666666666666
Lithuania,2011,3.8
Lithuania,2013,4.0
Lithuania,2014,6.0
Lithuania,2015,4.333333333333333
Lithuania,2016,5.0
Lithuania,2017,-4997.5
Lithuania,2019,-4998.0
Luxembourg,2009,5.0
Luxembourg,2010,6.0
Luxembourg,2014,-98.0
Luxembourg,2015,-246.5
Luxembourg,2016,4.666666666666667
Luxembourg,2017,5.0
Luxembourg,2020,5.0
Macedonia,2006,4.5
Macedonia,2008,-905.0
Macedonia,2009,3.6341463414634148
Macedonia,2010,-3865.3867924528304
Macedonia,2011,-5406.255102040816
Macedonia,2012,-2120.9823008849557
Macedonia,2013,-1539.278606965174
Macedonia,2014,-3625.7990074441686
Macedonia,2015,-635.2127659574468
Macedonia,2016,-1499.676165803109
Macedonia,2017,3.75
Macedonia,2018,3.103448275862069
Macedonia,2019,-1440.7938144329896
Macedonia,2020,-1568.0142857142857
Macedonia,2021,-1682.6516853932585
Macedonia,2022,-632.8906560636183
Macedonia,2023,-69.8055152394775
Madagascar,2011,7.0
Madagascar,2013,7.0
Madagascar,2022,6.0
Madagascar,2023,0.0
Malawi,2019,4.0
Malawi,2021,4.0
Malawi,2022,6.5
Malaysia,2010,-3998.2
Malaysia,2011,3.4444444444444446
Malaysia,2012,3.0
Malaysia,2013,-730.5333333333333
Malaysia,2014,-67.32142857142857
Malaysia,2015,3.533333333333333
Malaysia,2016,-1108.3333333333333
Malaysia,2017,4.0
Malaysia,2019,2.0
Malaysia,2020,-1301.9130434782608
Malaysia,2021,-1950.1272189349113
Malaysia,2022,-4996.5
Malaysia,2023,4.75
Maldives,2009,3.5
Maldives,2011,3.0
Maldives,2015,5.5
Maldives,2017,6.0
Mali,2006,5.666666666666667
Mali,2010,3.0
Mali,2013,6.0
Malta,2010,4.0
Malta,2013,4.142857142857143
Malta,2014,4.0
Malta,2017,4.5
Marshall Islands,2013,3.0
Martinique,2011,5.0
Mauritania,2007,2.0
Mauritania,2012,4.0
Mauritius,2011,4.0
Mauritius,2013,4.0
Mauritius,2014,2.0
Mauritius,2017,4.5
Mexico,2006,4.25
Mexico,2007,4.171428571428572
Mexico,2008,3.5
Mexico,2009,2.7142857142857144
Mexico,2010,-427.6896551724138
Mexico,2011,-166.45762711864407
Mexico,2012,-1912.5148936170212
Mexico,2013,-848.3191489361702
Mexico,2014,-424.7755102040816
Mexico,2015,-1143.3533333333332
Mexico,2016,-1829.95
Mexico,2017,-1013.2166666666667
Mexico,2018,-304.66153846153844
Mexico,2019,-472.3333333333333
Mexico,2020,2.8979591836734695
Mexico,2021,-980.6229508196722
Mexico,2022,-785.9473684210526
Mexico,2023,3.2333333333333334
Moldova,2015,2.0
Moldova,2022,5.0
Mongolia,2007,2.0
Mongolia,2013,2.0
Mongolia,2015,3.0
Mongolia,2017,1.0
Mongolia,2020,4.4
Montenegro,2020,3.0
Morocco,2006,5.0
Morocco,2009,4.0
Morocco,2010,3.3333333333333335
Morocco,2011,5.0
Morocco,2012,2.6666666666666665
Morocco,2013,-660.9758672699849
Morocco,2014,-224.54545454545453
Morocco,2015,-6665.272727272727
Morocco,2016,1.6666666666666667
Morocco,2017,4.5
Morocco,2018,3.0
Morocco,2019,4.0
Morocco,2020,4.0
Morocco,2023,-536.2702702702703
Mozambique,2012,1.0
Mozambique,2013,2.5
Mozambique,2023,3.5
Myanmar,2006,4.333333333333333
Myanmar,2015,6.0
Namibia,2006,4.0
Namibia,2007,3.0
Namibia,2011,3.0
Namibia,2013,3.25
Namibia,2016,5.75
Namibia,2018,6.0
Namibia,2019,6.0
Namibia,2022,5.95
Namibia,2023,0.0
Nepal,2006,3.25
Nepal,2016,3.5
Nepal,2017,-196.4
Nepal,2018,5.0
Nepal,2020,-584.6176470588235
Nepal,2021,-664.4
Nepal,2022,-3074.6923076923076
Nepal,2023,4.0
Netherlands,2006,4.2
Netherlands,2007,3.7777777777777777
Netherlands,2008,3.2857142857142856
Netherlands,2009,3.3333333333333335
Netherlands,2010,3.909090909090909
Netherlands,2011,-209.31914893617022
Netherlands,2012,3.9166666666666665
Netherlands,2013,-70.52037617554859
Netherlands,2014,-85.62283737024221
Netherlands,2015,-32.92537313432836
Netherlands,2016,-9.971014492753623
Netherlands,2017,-109.27272727272727
Netherlands,2018,5.4
Netherlands,2019,5.0
Netherlands,2020,4.948717948717949
Netherlands,2021,-710.5714285714286
Netherlands,2023,3.4285714285714284
Netherlands Antilles,2020,3.0
New Caledonia,2011,5.0
New Caledonia,2015,2.75
New Zealand,2006,4.1
New Zealand,2007,5.25
New Zealand,2008,5.181818181818182
New Zealand,2009,5.052631578947368
New Zealand,2010,4.451612903225806
New Zealand,2011,-208.29787234042553
New Zealand,2012,4.115384615384615
New Zealand,2013,-395.32
New Zealand,2014,-149.76923076923077
New Zealand,2015,-495.45454545454544
New Zealand,2016,-86.63636363636364
New Zealand,2017,4.714285714285714
New Zealand,2019,4.916666666666667
New Zealand,2020,-3370.056603773585
New Zealand,2021,-299.3333333333333
New Zealand,2022,5.682539682539683
New Zealand,2023,-663.1777777777778
Nicaragua,2006,4.666666666666667
Nicaragua,2010,3.3333333333333335
Nicaragua,2013,2.0
Nicaragua,2015,5.0
Nicaragua,2017,6.0
Nicaragua,2023,2.9
Niger,2006,7.0
Niger,2008,3.0
Niger,2022,6.0
Nigeria,2006,2.0
Nigeria,2007,4.0
Nigeria,2010,3.0
Nigeria,2011,4.5
Nigeria,2016,2.0
Nigeria,2020,-7997.8
Nigeria,2021,3.0
Nigeria,2022,-3330.6666666666665
Nigeria,2023,4.5
Norfolk Island,2020,5.181818181818182
Norfolk Island,2022,1.0
North Korea,2012,1.0
North Korea,2013,1.5
North Korea,2020,-9999.0
Norway,2006,5.0
Norway,2007,-2496.75
Norway,2009,3.0
Norway,2011,4.333333333333333
Norway,2012,-6664.333333333333
Norway,2013,4.5
Norway,2014,-963.1797752808989
Norway,2015,5.111111111111111
Norway,2016,4.6
Norway,2017,3.6956521739130435
Norway,2018,5.0
Norway,2019,5.0
Norway,2021,5.0
Norway,2023,-4581.208333333333
Oman,2011,3.3333333333333335
Oman,2012,4.25
Oman,2013,5.0
Oman,2014,1.5
Oman,2017,4.5
Oman,2018,-9999.0
Oman,2021,2.5
Oman,2022,4.0
Pakistan,2006,3.0
Pakistan,2007,3.3333333333333335
Pakistan,2008,3.4
Pakistan,2009,4.0
Pakistan,2011,4.4
Pakistan,2012,-3332.3333333333335
Pakistan,2013,3.25
Pakistan,2014,-38.625
Pakistan,2015,2.75
Pakistan,2016,-999.0
Pakistan,2017,3.5
Pakistan,2019,2.0
Pakistan,2020,-1108.111111111111
Pakistan,2021,-7998.8
Pakistan,2022,6.0
Pakistan,2023,5.2
Palau,2020,3.0
Panama,2007,4.0
Panama,2008,5.0
Panama,2009,4.6
Panama,2010,-4996.75
Panama,2011,-698.6842105263158
Panama,2013,4.4
Panama,2014,5.5
Panama,2015,3.3333333333333335
Panama,2017,4.5
Panama,2019,3.0
Panama,2023,0.0
Paraguay,2009,4.0
Paraguay,2010,4.0
Paraguay,2011,4.0
Paraguay,2013,3.75
Paraguay,2021,2.0
Peru,2006,1.0
Peru,2007,3.0
Peru,2008,-1816.090909090909
Peru,2009,1.0
Peru,2010,-4998.611111111111
Peru,2011,-3844.4615384615386
Peru,2012,-1536.5
Peru,2013,-2497.0
Peru,2014,-1997.4
Peru,2015,4.0
Peru,2016,-1998.6
Peru,2017,5.0
Peru,2018,-906.6363636363636
Peru,2019,4.0
Peru,2020,3.0
Peru,2021,3.5
Peru,2023,3.5
Philippines,2007,4.0
Philippines,2008,-8570.0
Philippines,2009,3.0
Philippines,2010,3.625
Philippines,2011,2.8461538461538463
Philippines,2012,-1425.857142857143
Philippines,2013,3.142857142857143
Philippines,2014,4.166666666666667
Philippines,2015,-138.85714285714286
Philippines,2016,3.875
Philippines,2017,-2496.0
Philippines,2020,-3735.4848484848485
Philippines,2021,-4052.5675675675675
Philippines,2022,-4998.0
Philippines,2023,1.75
Pitcairn Islands,2020,3.0
Poland,2006,3.494949494949495
Poland,2007,-688.7708830548926
Poland,2008,3.6666666666666665
Poland,2009,3.743801652892562
Poland,2010,-767.2469879518072
Poland,2011,-497.39816360601003
Poland,2012,-1229.0915903413822
Poland,2013,-829.3509561304837
Poland,2014,-1921.0793825799337
Poland,2015,-727.843654822335
Poland,2016,-1697.8131089459698
Poland,2017,-1685.3217893217893
Poland,2018,-1338.0507246376812
Poland,2019,-1728.4551282051282
Poland,2020,-2123.551181102362
Poland,2021,-996.5428571428571
Poland,2022,-1407.8589743589744
Poland,2023,2.09375
Portugal,2006,6.0
Portugal,2007,4.333333333333333
Portugal,2008,-2497.0
Portugal,2009,3.64
Portugal,2010,-2723.969696969697
Portugal,2011,-737.4444444444445
Portugal,2012,3.5384615384615383
Portugal,2013,3.8048780487804876
Portugal,2014,-1224.520325203252
Portugal,2015,4.566666666666666
Portugal,2016,3.576923076923077
Portugal,2017,4.233333333333333
Portugal,2018,2.6666666666666665
Portugal,2019,2.75
Portugal,2020,4.0
Portugal,2021,-3074.5384615384614
Portugal,2022,-4998.0
Portugal,2023,1.125
Puerto Rico,2006,3.1666666666666665
Puerto Rico,2008,-1424.1904761904761
Puerto Rico,2009,4.090909090909091
Puerto Rico,2010,-3534.5960591133003
Puerto Rico,2011,-965.9903147699758
Puerto Rico,2012,-622.0
Puerto Rico,2013,-1326.632911392405
Puerto Rico,2014,-35.1764705882353
Puerto Rico,2015,-1551.8903225806453
Puerto Rico,2016,-1178.2569444444443
Puerto Rico,2017,4.571428571428571
Puerto Rico,2018,-2967.078125
Puerto Rico,2019,-830.35
Puerto Rico,2020,-1843.9846153846154
Puerto Rico,2021,-1196.295321637427
Puerto Rico,2022,-973.0487804878048
Puerto Rico,2023,2.837638376383764
Qatar,2008,3.25
Qatar,2013,3.0
Qatar,2014,1.6666666666666667
Qatar,2015,4.0
Qatar,2016,2.0
Qatar,2017,3.6
Qatar,2020,1.4
Qatar,2021,2.0
Qatar,2023,1.0
Reunion,2012,6.0
Reunion,2014,5.5
Reunion,2015,3.0
Reunion,2016,3.0
Reunion,2018,4.0
Reunion,2019,5.0
Romania,2006,2.857142857142857
Romania,2007,-273.9166666666667
Romania,2008,-4305.872340425532
Romania,2009,3.810810810810811
Romania,2010,-1987.5894245723173
Romania,2011,-830.3690476190476
Romania,2012,-2262.919093851133
Romania,2013,-5311.238383838384
Romania,2014,-5097.75641025641
Romania,2015,-427.46835443037975
Romania,2016,-201.14965986394557
Romania,2017,4.578947368421052
Romania,2018,-1803.4444444444443
Romania,2019,2.75
Romania,2020,3.8
Romania,2021,4.833333333333333
Romania,2022,2.0
Romania,2023,3.923076923076923
Russia,2006,3.25
Russia,2007,-1662.9166666666667
Russia,2009,3.6470588235294117
Russia,2010,-4998.0
Russia,2011,2.7142857142857144
Russia,2012,3.875
Russia,2013,-74.53846153846153
Russia,2014,-1407.340909090909
Russia,2015,-21.3
Russia,2016,-495.8
Russia,2017,-905.4545454545455
Russia,2018,-9999.0
Russia,2019,4.0
Russia,2020,1.8
Russia,2021,-2496.75
Russia,2022,-5711.857142857143
Russia,2023,-2498.75
Saint Lucia,2010,6.0
Saint Lucia,2017,-4999.0
Saint Lucia,2018,1.0
Saudi Arabia,2006,5.555555555555555
Saudi Arabia,2007,3.2222222222222223
Saudi Arabia,2008,-9999.0
Saudi Arabia,2010,-1108.0
Saudi Arabia,2011,2.6666666666666665
Saudi Arabia,2012,-1844.676923076923
Saudi Arabia,2013,3.466666666666667
Saudi Arabia,2014,4.0
Saudi Arabia,2015,3.75
Saudi Arabia,2016,6.0
Saudi Arabia,2017,4.166666666666667
Saudi Arabia,2020,-4998.5
Saudi Arabia,2021,-3359.646551724138
Saudi Arabia,2023,0.0
Senegal,2006,3.0
Senegal,2008,3.0
Senegal,2010,3.0
Senegal,2013,-9999.0
Senegal,2016,3.0
Serbia,2006,4.0
Serbia,2007,-1425.2142857142858
Serbia,2008,3.8
Serbia,2009,4.083333333333333
Serbia,2010,4.4
Serbia,2011,2.75
Serbia,2012,1.5
Serbia,2013,-1998.6
Serbia,2014,-4780.826086956522
Serbia,2015,-2220.3333333333335
Serbia,2017,4.5
Serbia,2018,-9999.0
Serbia,2019,4.0
Serbia,2020,-3329.6666666666665
Serbia,2022,2.8
Serbia,2023,4.0
Sierra Leone,2018,6.0
Singapore,2006,3.0
Singapore,2009,2.0
Singapore,2010,3.0
Singapore,2011,2.8
Singapore,2012,-9999.0
Singapore,2013,3.0
Singapore,2014,-2497.5
Singapore,2015,3.0
Singapore,2016,-2854.4285714285716
Singapore,2017,2.0
Singapore,2020,-6248.5
Singapore,2021,1.5
Singapore,2022,3.0
Singapore,2023,3.0
Slovakia,2006,4.166666666666667
Slovakia,2009,4.5
Slovakia,2010,-366.25925925925924
Slovakia,2011,-496.35
Slovakia,2012,-392.2277227722772
Slovakia,2013,4.24
Slovakia,2014,-1456.9868421052631
Slovakia,2015,4.416666666666667
Slovakia,2016,-2914.1875
Slovakia,2017,4.8
Slovakia,2018,6.0
Slovakia,2019,3.6666666666666665
Slovakia,2020,-3747.75
Slovakia,2021,3.2857142857142856
Slovakia,2022,3.75
Slovakia,2023,4.222222222222222
Slovenia,2006,4.7
Slovenia,2009,4.0
Slovenia,2010,3.8
Slovenia,2011,4.75
Slovenia,2012,-3330.7619047619046
Slovenia,2013,3.875
Slovenia,2014,-1727.4807692307693
Slovenia,2015,4.555555555555555
Slovenia,2016,-663.3333333333334
Slovenia,2017,5.76
Slovenia,2020,-4283.428571428572
Slovenia,2021,-6664.333333333333
Slovenia,2022,3.0
Slovenia,2023,6.0
Somalia,2006,3.25
South Africa,2006,4.333333333333333
South Africa,2007,-1870.9375
South Africa,2008,4.083333333333333
South Africa,2009,4.466101694915254
South Africa,2010,4.477611940298507
South Africa,2011,-362.0975609756098
South Africa,2012,-1743.2301587301588
South Africa,2013,3.7818181818181817
South Africa,2014,-16.78021978021978
South Africa,2015,-70.36842105263158
South Africa,2016,5.380952380952381
South Africa,2017,-222.72727272727272
South Africa,2018,4.153846153846154
South Africa,2019,2.0
South Africa,2020,-4997.5
South Africa,2021,-906.0
South Africa,2022,-1245.625
South Africa,2023,2.75
South Georgia and the South Sandwich Islands,2023,4.0
South Korea,2007,-6352.1353383458645
South Korea,2008,-830.5
South Korea,2009,2.4146341463414633
South Korea,2010,-3363.591346153846
South Korea,2011,-4509.873333333333
South Korea,2012,-2718.8802902055622
South Korea,2013,-1090.4136008918617
South Korea,2014,-5312.13698630137
South Korea,2015,-1998.0460481099656
South Korea,2016,-3897.511489992587
South Korea,2017,-299.1515151515151
South Korea,2018,-2324.2558139534885
South Korea,2019,-1873.28125
South Korea,2020,-5520.580937972769
South Korea,2021,-5452.818181818182
South Korea,2022,2.0
South Korea,2023,1.6
South Sudan,2006,4.0
Spain,2006,3.8289473684210527
Spain,2007,-313.57142857142856
Spain,2008,-500.69747899159665
Spain,2009,3.5517241379310347
Spain,2010,-1286.741935483871
Spain,2011,-1086.5320512820513
Spain,2012,-770.9859154929577
Spain,2013,-350.6258064516129
Spain,2014,-223.37383177570092
Spain,2015,-595.8898305084746
Spain,2016,-1067.6571428571428
Spain,2017,-1324.4770226537216
Spain,2018,-1276.4549418604652
Spain,2019,-1214.1913377192982
Spain,2020,-1339.1045214327658
Spain,2021,-1206.4709219858155
Spain,2022,-744.814404432133
Spain,2023,-2275.1948398576515
Sri Lanka,2010,-4997.5
Sri Lanka,2011,-6873.4375
Sri Lanka,2012,-1247.25
Sri Lanka,2016,4.833333333333333
Sri Lanka,2020,-9999.0
Sri Lanka,2021,2.3333333333333335
Sri Lanka,2023,3.5
St Kitts and Nevis,2023,2.0
St Vincent and the Grenadines,2018,2.0
Sudan,2006,3.0
Sudan,2010,1.0
Sudan,2013,4.0
Sudan,2014,-331.0
Sudan,2020,7.0
Sudan,2021,3.0
Sweden,2006,4.0
Sweden,2007,4.875
Sweden,2008,4.5
Sweden,2009,3.5384615384615383
Sweden,2010,-678.8409090909091
Sweden,2011,4.166666666666667
Sweden,2012,4.3
Sweden,2013,-43.23809523809524
Sweden,2014,-156.875
Sweden,2015,-176.8
Sweden,2016,5.508571428571429
Sweden,2017,-11.55
Sweden,2018,5.0
Sweden,2019,4.0
Sweden,2020,-4999.0
Sweden,2021,4.75
Sweden,2022,3.0
Sweden,2023,1.9375
Switzerland,2006,4.384615384615385
Switzerland,2007,-584.0588235294117
Switzerland,2008,-1067.5
Switzerland,2009,4.444444444444445
Switzerland,2010,-892.0746268656717
Switzerland,2011,-234.45238095238096
Switzerland,2012,3.864864864864865
Switzerland,2013,-889.3495145631068
Switzerland,2014,-50.27272727272727
Switzerland,2015,4.823899371069182
Switzerland,2016,5.0131578947368425
Switzerland,2017,-8.635135135135135
Switzerland,2018,-318.7741935483871
Switzerland,2019,4.733333333333333
Switzerland,2020,-158.0
Switzerland,2021,-339.2758620689655
Switzerland,2022,-128.08
Switzerland,2023,4.266666666666667
Syria,2012,2.0
Syria,2013,6.0
Taiwan,2006,3.3333333333333335
Taiwan,2009,3.0
Taiwan,2010,-3747.8333333333335
Taiwan,2011,-4998.0
Taiwan,2013,-3039.5833333333335
Taiwan,2014,-575.0526315789474
Taiwan,2015,-1425.9142857142858
Taiwan,2016,3.2580645161290325
Taiwan,2017,-2455.237288135593
Taiwan,2018,4.0
Taiwan,2019,3.2857142857142856
Taiwan,2020,-2378.714285714286
Taiwan,2021,-3997.2
Taiwan,2022,-9999.0
Taiwan,2023,-3635.0
Tanzania,2007,6.0
Tanzania,2008,3.0
Tanzania,2009,5.0
Tanzania,2010,4.25
Tanzania,2011,4.0
Tanzania,2013,5.0
Tanzania,2018,-9999.0
Tanzania,2022,-9999.0
Tanzania,2023,4.5
Thailand,2006,3.076923076923077
Thailand,2007,-2854.4464285714284
Thailand,2008,-2760.5263157894738
Thailand,2009,2.5
Thailand,2011,-3331.3333333333335
Thailand,2012,-1997.4666666666667
Thailand,2013,3.25
Thailand,2014,-121.0
Thailand,2015,-179.1818181818182
Thailand,2016,3.5
Thailand,2017,3.8640776699029127
Thailand,2018,5.0
Thailand,2019,2.2
Thailand,2020,5.5
Thailand,2021,-9999.0
The Bahamas,2010,5.0
The Bahamas,2012,4.0
The Bahamas,2014,6.0
The Bahamas,2015,6.0
The Bahamas,2020,-1814.3636363636363
The Gambia,2022,-9999.0
Trinidad and Tobago,2006,7.0
Trinidad and Tobago,2008,4.4
Trinidad and Tobago,2010,3.6296296296296298
Trinidad and Tobago,2012,3.0
Trinidad and Tobago,2013,3.5555555555555554
Trinidad and Tobago,2014,2.0
Trinidad and Tobago,2015,3.6666666666666665
Trinidad and Tobago,2017,5.0
Trinidad and Tobago,2021,-664.6666666666666
Trinidad and Tobago,2022,-9999.0
Tunisia,2010,-9999.0
Tunisia,2013,4.0
Tunisia,2014,4.5
Tunisia,2015,4.5
Tunisia,2016,2.6666666666666665
Tunisia,2017,6.0
Tunisia,2021,4.0
Turkey,2006,3.5714285714285716
Turkey,2007,-299.3636363636364
Turkey,2008,-829.5
Turkey,2009,2.5492957746478875
Turkey,2010,-1848.1851851851852
Turkey,2011,-585.9411764705883
Turkey,2012,3.4482758620689653
Turkey,2013,3.1862745098039214
Turkey,2014,-366.48148148148147
Turkey,2015,-291.50704225352115
Turkey,2016,-353.10714285714283
Turkey,2017,-366.2962962962963
Turkey,2018,-1873.375
Turkey,2019,-3330.0
Turkey,2020,-1698.2553191489362
Turkey,2021,-568.5714285714286
Turkey,2022,-3332.3333333333335
Turkey,2023,2.7777777777777777
Turks and Caicos Islands,2019,2.0
Turks and Caicos Islands,2020,7.0
Uganda,2014,5.5
Uganda,2018,2.0
Uganda,2023,3.0259740259740258
Ukraine,2008,3.4
Ukraine,2009,2.3333333333333335
Ukraine,2010,4.5
Ukraine,2011,-905.3636363636364
Ukraine,2012,-1996.6
Ukraine,2013,-1872.1875
Ukraine,2014,4.25
Ukraine,2015,3.0
Ukraine,2016,2.9047619047619047
Ukraine,2017,2.763157894736842
Ukraine,2018,2.625
Ukraine,2019,3.142857142857143
Ukraine,2021,3.888888888888889
Ukraine,2022,4.4
Ukraine,2023,5.0
United Arab Emirates,2011,3.25
United Arab Emirates,2013,3.6666666666666665
United Arab Emirates,2014,-330.3333333333333
United Arab Emirates,2015,-1106.888888888889
United Arab Emirates,2016,4.2727272727272725
United Arab Emirates,2017,4.75
United Arab Emirates,2020,4.0
United Arab Emirates,2021,-1816.1818181818182
United Arab Emirates,2022,5.5
United Arab Emirates,2023,0.0
United Kingdom,2006,3.6923076923076925
United Kingdom,2007,-557.1401869158879
United Kingdom,2008,-1953.7173913043478
United Kingdom,2009,3.705263157894737
United Kingdom,2010,-562.311320754717
United Kingdom,2011,-128.74172185430464
United Kingdom,2012,-629.2784810126582
United Kingdom,2013,-794.4554794520548
United Kingdom,2014,-49.976190476190474
United Kingdom,2015,-48.13751868460388
United Kingdom,2016,4.50996015936255
United Kingdom,2017,-43.93689320388349
United Kingdom,2018,-962.8387096774194
United Kingdom,2019,-329.8666666666667
United Kingdom,2020,-2330.588888888889
United Kingdom,2021,-4208.409774436091
United Kingdom,2022,-2153.450980392157
United Kingdom,2023,-1060.0
United States,2012,1.0
United States,2013,1.0
United States,2015,6.0
United States,2017,3.5
United States,2018,-3179.5
United States,2019,-1467.8725490196077
United States,2020,-1775.5542725173211
United States,2021,-1460.4298780487804
United States,2022,-1676.7734375
United States,2023,-3032.6428571428573
United States - Alabama,2006,3.2083333333333335
United States - Alabama,2007,-1246.5
United States - Alabama,2008,-1496.1
United States - Alabama,2009,4.161290322580645
United States - Alabama,2010,3.5714285714285716
United States - Alabama,2011,-1330.0666666666666
United States - Alabama,2012,-2497.6785714285716
United States - Alabama,2013,3.7
United States - Alabama,2014,3.125
United States - Alabama,2015,4.090909090909091
United States - Alabama,2016,-330.0
United States - Alabama,2017,2.9444444444444446
United States - Alabama,2018,-8274.48275862069
United States - Alabama,2019,-1997.2
United States - Alabama,2020,-1479.4814814814815
United States - Alabama,2021,-2497.8214285714284
United States - Alabama,2022,-1032.8328402366865
United States - Alabama,2023,-390.3644793152639
United States - Alaska,2006,3.642857142857143
United States - Alaska,2007,-520.421052631579
United States - Alaska,2008,-1299.9130434782608
United States - Alaska,2009,3.4565217391304346
United States - Alaska,2010,5.0
United States - Alaska,2011,-904.9090909090909
United States - Alaska,2012,-2498.0
United States - Alaska,2013,-1106.5555555555557
United States - Alaska,2014,-164.5
United States - Alaska,2015,3.0
United States - Alaska,2016,4.666666666666667
United States - Alaska,2017,-1996.2
United States - Alaska,2018,5.0
United States - Alaska,2019,3.0
United States - Alaska,2020,3.8666666666666667
United States - Alaska,2021,3.75
United States - Alaska,2022,3.0
United States - Alaska,2023,5.0
United States - Arizona,2006,4.205479452054795
United States - Arizona,2007,-309.32841328413286
United States - Arizona,2008,-40.450221238938056
United States - Arizona,2009,4.064606741573034
United States - Arizona,2010,-1112.9337606837607
United States - Arizona,2011,-127.10640945861854
United States - Arizona,2012,-300.2728085867621
United States - Arizona,2013,-615.0521739130435
United States - Arizona,2014,-591.0252486610558
United States - Arizona,2015,-690.2561983471074
United States - Arizona,2016,-1382.4036144578313
United States - Arizona,2017,-255.86
United States - Arizona,2018,-427.61206896551727
United States - Arizona,2019,-899.2569444444445
United States - Arizona,2020,-345.8494623655914
United States - Arizona,2021,-1386.4561933534744
United States - Arizona,2022,-867.0923482849604
United States - Arizona,2023,-320.0711206896552
United States - Arkansas,2006,4.184210526315789
United States - Arkansas,2007,-765.6153846153846
United States - Arkansas,2008,4.384615384615385
United States - Arkansas,2009,3.9
United States - Arkansas,2010,3.466666666666667
United States - Arkansas,2011,-722.5725806451613
United States - Arkansas,2012,-176.56306306306305
United States - Arkansas,2013,4.0
United States - Arkansas,2014,-341.3534482758621
United States - Arkansas,2015,4.878787878787879
United States - Arkansas,2016,-1534.5
United States - Arkansas,2017,-1066.5176470588235
United States - Arkansas,2018,-396.56
United States - Arkansas,2019,-1173.4705882352941
United States - Arkansas,2020,-2219.6481481481483
United States - Arkansas,2021,3.875
United States - Arkansas,2022,-259.4736842105263
United States - Arkansas,2023,-473.0952380952381
United States - California,2006,3.295774647887324
United States - California,2007,-657.5564738292011
United States - California,2008,-748.7586206896551
United States - California,2009,3.6804347826086956
United States - California,2010,-723.3684210526316
United States - California,2011,-577.1372031662269
United States - California,2012,-1191.1902985074628
United States - California,2013,-918.8614190687362
United States - California,2014,-118.15717722534082
United States - California,2015,-286.21338506304556
United States - California,2016,-1057.0906593406594
United States - California,2017,-1655.3974789915967
United States - California,2018,-1499.3950617283951
United States - California,2019,-1669.0836012861737
United States - California,2020,-1602.7645659928655
United States - California,2021,-2036.7727272727273
United States - California,2022,-1610.89243697479
United States - California,2023,-112.93778801843318
United States - Colorado,2006,3.9210526315789473
United States - Colorado,2007,-886.8082191780821
United States - Colorado,2008,-1344.6704119850187
United States - Colorado,2009,3.925925925925926
United States - Colorado,2010,-914.8027210884354
United States - Colorado,2011,-464.7109375
United States - Colorado,2012,-291.34177215189874
United States - Colorado,2013,-738.6975609756098
United States - Colorado,2014,-577.7428571428571
United States - Colorado,2015,-615.0087463556852
United States - Colorado,2016,-480.73564266180495
United States - Colorado,2017,-574.962113659023
United States - Colorado,2018,-423.4893267651888
United States - Colorado,2019,-596.5571428571428
United States - Colorado,2020,-1056.0815972222222
United States - Colorado,2021,-1514.2602996254682
United States - Colorado,2022,-531.010033444816
United States - Colorado,2023,-800.8588235294118
United States - Connecticut,2006,3.7083333333333335
United States - Connecticut,2007,3.8333333333333335
United States - Connecticut,2008,-800.9655172413793
United States - Connecticut,2009,3.859375
United States - Connecticut,2010,-1849.6866485013625
United States - Connecticut,2011,-1216.3658536585365
United States - Connecticut,2012,-366.27777777777777
United States - Connecticut,2013,-52.943661971830984
United States - Connecticut,2014,-302.15277777777777
United States - Connecticut,2015,-535.5
United States - Connecticut,2016,-160.01639344262296
United States - Connecticut,2017,-1290.4235294117648
United States - Connecticut,2018,-2119.060606060606
United States - Connecticut,2019,-2497.75
United States - Connecticut,2020,-1344.936170212766
United States - Connecticut,2021,-2583.9224137931033
United States - Connecticut,2022,-866.4347826086956
United States - Connecticut,2023,2.45
United States - Delaware,2006,4.0
United States - Delaware,2007,4.0
United States - Delaware,2008,3.3333333333333335
United States - Delaware,2009,3.0
United States - Delaware,2011,4.0
United States - Delaware,2012,-892.9850746268656
United States - Delaware,2013,-766.5384615384615
United States - Delaware,2014,-535.5897435897435
United States - Delaware,2015,-574.0
United States - Delaware,2016,-247.625
United States - Delaware,2017,-3331.0
United States - Delaware,2019,-6665.0
United States - Delaware,2020,-831.1666666666666
United States - Delaware,2021,2.9285714285714284
United States - Delaware,2022,-4997.0
United States - Delaware,2023,-3330.3333333333335
United States - District of Columbia,2006,3.0
United States - District of Columbia,2007,-1815.8181818181818
United States - District of Columbia,2008,-585.0
United States - District of Columbia,2009,2.8
United States - District of Columbia,2010,-1249.25
United States - District of Columbia,2011,2.8
United States - District of Columbia,2012,3.1666666666666665
United States - District of Columbia,2013,1.4
United States - District of Columbia,2014,-331.0
United States - District of Columbia,2015,-331.0
United States - District of Columbia,2016,2.25
United States - District of Columbia,2017,-1247.125
United States - District of Columbia,2018,1.0
United States - District of Columbia,2019,7.0
United States - District of Columbia,2020,-4998.166666666667
United States - District of Columbia,2021,-1664.5
United States - District of Columbia,2022,-3844.923076923077
United States - District of Columbia,2023,-1997.0
United States - Florida,2006,3.6785714285714284
United States - Florida,2007,-431.0621118012422
United States - Florida,2008,-961.2982456140351
United States - Florida,2009,3.582375478927203
United States - Florida,2010,-1381.6461538461538
United States - Florida,2011,-576.2473684210527
United States - Florida,2012,-663.4962962962964
United States - Florida,2013,-109.26600985221675
United States - Florida,2014,-194.63348416289594
United States - Florida,2015,-69.00561797752809
United States - Florida,2016,-419.72222222222223
United States - Florida,2017,-785.5696821515893
United States - Florida,2018,-686.8965517241379
United States - Florida,2019,3.107142857142857
United States - Florida,2020,-1894.3831417624522
United States - Florida,2021,-1291.8705501618124
United States - Florida,2022,-2459.2615384615383
United States - Florida,2023,-361.4909090909091
United States - Georgia,2006,3.9375
United States - Georgia,2007,-818.7945205479452
United States - Georgia,2008,-621.3958333333334
United States - Georgia,2009,3.923076923076923
United States - Georgia,2010,-1049.0723684210527
United States - Georgia,2011,-321.38961038961037
United States - Georgia,2012,-725.8278145695364
United States - Georgia,2013,-1177.548611111111
United States - Georgia,2014,-546.75
United States - Georgia,2015,-670.4943820224719
United States - Georgia,2016,-1135.2276422764228
United States - Georgia,2017,-1677.857142857143
United States - Georgia,2018,-3330.873015873016
United States - Georgia,2019,-4780.652173913043
United States - Georgia,2020,-1209.6060606060605
United States - Georgia,2021,-2118.59595959596
United States - Georgia,2022,-2405.074074074074
United States - Georgia,2023,-253.9102564102564
United States - Hawaii,2006,2.347826086956522
United States - Hawaii,2007,3.8205128205128207
United States - Hawaii,2008,-1663.1666666666667
United States - Hawaii,2009,4.578947368421052
United States - Hawaii,2010,-471.76190476190476
United States - Hawaii,2011,4.0
United States - Hawaii,2012,4.352941176470588
United States - Hawaii,2013,5.133333333333334
United States - Hawaii,2014,4.294117647058823
United States - Hawaii,2015,4.85
United States - Hawaii,2016,-583.5882352941177
United States - Hawaii,2017,4.6875
United States - Hawaii,2018,-1246.125
United States - Hawaii,2019,-4543.454545454545
United States - Hawaii,2020,-1736.608695652174
United States - Hawaii,2021,-1941.9166666666667
United States - Hawaii,2022,-3843.769230769231
United States - Hawaii,2023,2.7142857142857144
United States - Idaho,2006,4.666666666666667
United States - Idaho,2007,3.967741935483871
United States - Idaho,2008,-2396.36
United States - Idaho,2009,4.666666666666667
United States - Idaho,2010,-1300.6304347826087
United States - Idaho,2011,3.75
United States - Idaho,2012,4.625
United States - Idaho,2013,5.25
United States - Idaho,2014,-82.73913043478261
United States - Idaho,2015,5.026315789473684
United States - Idaho,2016,-411.25
United States - Idaho,2017,-662.3333333333334
United States - Idaho,2018,2.5
United States - Idaho,2019,-3997.8
United States - Idaho,2020,4.857142857142857
United States - Idaho,2021,-9999.0
United States - Idaho,2022,3.8
United States - Idaho,2023,3.2222222222222223
United States - Illinois,2006,3.098360655737705
United States - Illinois,2007,-1437.981981981982
United States - Illinois,2008,-4335.373493975903
United States - Illinois,2009,-145.8955223880597
United States - Illinois,2010,-2754.281081081081
United States - Illinois,2011,-2367.323699421965
United States - Illinois,2012,-1940.158273381295
United States - Illinois,2013,-1920.1030927835052
United States - Illinois,2014,-835.0281690140845
United States - Illinois,2015,-876.051724137931
United States - Illinois,2016,-1467.5661764705883
United States - Illinois,2017,-1436.0287769784172
United States - Illinois,2018,-3376.0675675675675
United States - Illinois,2019,-3391.089285714286
United States - Illinois,2020,-2321.1408450704225
United States - Illinois,2021,-3161.188775510204
United States - Illinois,2022,-2702.6147540983607
United States - Illinois,2023,-104.79787234042553
United States - Indiana,2006,3.4
United States - Indiana,2007,-996.375
United States - Indiana,2008,-678.4318181818181
United States - Indiana,2009,3.5626848018923716
United States - Indiana,2010,-934.171875
United States - Indiana,2011,-2680.0
United States - Indiana,2012,3.3333333333333335
United States - Indiana,2013,-643.9411764705883
United States - Indiana,2014,-305.19117647058823
United States - Indiana,2015,-12.508196721311476
United States - Indiana,2016,-496.65
United States - Indiana,2017,-258.37719298245617
United States - Indiana,2018,4.970588235294118
United States - Indiana,2019,-4228.923076923077
United States - Indiana,2020,-3241.0135135135133
United States - Indiana,2021,-1721.2413793103449
United States - Indiana,2022,-2396.92
United States - Indiana,2023,-964.9354838709677
United States - Iowa,2006,3.937984496124031
United States - Iowa,2007,-472.95238095238096
United States - Iowa,2008,4.0
United States - Iowa,2009,4.1568627450980395
United States - Iowa,2010,-3058.2448979591836
United States - Iowa,2011,-652.344262295082
United States - Iowa,2012,-496.35
United States - Iowa,2013,3.6842105263157894
United States - Iowa,2014,-173.80645161290323
United States - Iowa,2015,-450.3636363636364
United States - Iowa,2016,-905.3636363636364
United States - Iowa,2017,-1633.509090909091
United States - Iowa,2018,-6069.535714285715
United States - Iowa,2019,3.642857142857143
United States - Iowa,2020,-534.1397849462365
United States - Iowa,2021,3.0
United States - Iowa,2022,4.380952380952381
United States - Iowa,2023,1.5
United States - Kansas,2006,3.6666666666666665
United States - Kansas,2007,-3178.8636363636365
United States - Kansas,2008,-2496.8
United States - Kansas,2009,3.449339207048458
United States - Kansas,2010,-905.8636363636364
United States - Kansas,2011,-2282.885714285714
United States - Kansas,2012,-621.125
United States - Kansas,2013,-450.95454545454544
United States - Kansas,2014,-1534.6923076923076
United States - Kansas,2015,-218.77777777777777
United States - Kansas,2016,-1259.9894736842105
United States - Kansas,2017,-997.027027027027
United States - Kansas,2018,-1901.968253968254
United States - Kansas,2019,-1118.1682242990655
United States - Kansas,2020,-961.7368421052631
United States - Kansas,2021,-766.0384615384615
United States - Kansas,2022,-612.5384615384615
United States - Kansas,2023,2.6375
United States - Kentucky,2006,3.7142857142857144
United States - Kentucky,2007,-1996.45
United States - Kentucky,2008,-3330.3333333333335
United States - Kentucky,2009,3.2903225806451615
United States - Kentucky,2010,-1565.1176470588234
United States - Kentucky,2011,3.6666666666666665
United States - Kentucky,2012,-1664.0
United States - Kentucky,2013,-1068.357142857143
United States - Kentucky,2014,4.3076923076923075
United States - Kentucky,2015,-234.04761904761904
United States - Kentucky,2016,4.416666666666667
United States - Kentucky,2017,-648.4565217391304
United States - Kentucky,2018,2.0
United States - Kentucky,2019,4.333333333333333
United States - Kentucky,2020,-1536.3846153846155
United States - Kentucky,2021,-1700.1063829787233
United States - Kentucky,2022,-2913.9375
United States - Kentucky,2023,-1196.88
United States - Louisiana,2006,3.3636363636363638
United States - Louisiana,2007,-678.0909090909091
United States - Louisiana,2008,3.7142857142857144
United States - Louisiana,2009,3.1739130434782608
United States - Louisiana,2010,3.736842105263158
United States - Louisiana,2011,-484.6585365853659
United States - Louisiana,2012,3.2333333333333334
United States - Louisiana,2013,-274.3611111111111
United States - Louisiana,2014,-29.9
United States - Louisiana,2015,-81.91452991452991
United States - Louisiana,2016,3.554054054054054
United States - Louisiana,2017,-309.265625
United States - Louisiana,2018,2.875
United States - Louisiana,2019,2.7777777777777777
United States - Louisiana,2020,-1774.6444444444444
United States - Louisiana,2021,-949.8095238095239
United States - Louisiana,2022,-423.6808510638298
United States - Louisiana,2023,-452.45454545454544
United States - Maine,2006,4.743589743589744
United States - Maine,2007,-2269.0
United States - Maine,2008,-444.6025641025641
United States - Maine,2009,4.668918918918919
United States - Maine,2010,-76.7479674796748
United States - Maine,2011,-650.588785046729
United States - Maine,2012,-846.2287581699346
United States - Maine,2013,-551.0
United States - Maine,2014,4.16
United States - Maine,2015,4.083333333333333
United States - Maine,2016,3.875
United States - Maine,2017,-814.6272727272727
United States - Maine,2019,-1106.6666666666667
United States - Maine,2020,-589.7619047619048
United States - Maine,2021,-1792.2435897435898
United States - Maine,2022,5.042253521126761
United States - Maine,2023,-662.6666666666666
United States - Maryland,2006,3.673076923076923
United States - Maryland,2007,-1099.023622047244
United States - Maryland,2008,-734.8352272727273
United States - Maryland,2009,3.622950819672131
United States - Maryland,2010,-1211.5233644859813
United States - Maryland,2011,-562.9433962264151
United States - Maryland,2012,-584.9019607843137
United States - Maryland,2013,-618.9285714285714
United States - Maryland,2014,-304.1025641025641
United States - Maryland,2015,-194.5
United States - Maryland,2016,-2513.03125
United States - Maryland,2017,-2597.36
United States - Maryland,2018,-552.6944444444445
United States - Maryland,2019,-2205.5064935064934
United States - Maryland,2020,-2526.329501915709
United States - Maryland,2021,-3649.302452316076
United States - Maryland,2022,-3237.7943925233644
United States - Maryland,2023,-241.66666666666666
United States - Massachusetts,2006,3.3846153846153846
United States - Massachusetts,2007,-1123.1830985915492
United States - Massachusetts,2008,-209.46808510638297
United States - Massachusetts,2009,3.411764705882353
United States - Massachusetts,2010,-2720.3702127659576
United States - Massachusetts,2011,-905.801652892562
United States - Massachusetts,2012,-472.3412698412698
United States - Massachusetts,2013,-810.1387559808612
United States - Massachusetts,2014,-832.5792349726776
United States - Massachusetts,2015,-193.42763157894737
United States - Massachusetts,2016,-169.84347826086957
United States - Massachusetts,2017,-727.2785388127854
United States - Massachusetts,2018,-2407.2208835341366
United States - Massachusetts,2019,-2603.7818181818184
United States - Massachusetts,2020,-1629.5408163265306
United States - Massachusetts,2021,-815.3684210526316
United States - Massachusetts,2022,-1339.875
United States - Massachusetts,2023,-142.32608695652175
United States - Michigan,2006,3.5
United States - Michigan,2007,-1826.5121951219512
United States - Michigan,2008,-6891.684466019417
United States - Michigan,2009,3.014842300556586
United States - Michigan,2010,-2211.239558707644
United States - Michigan,2011,-286.2173913043478
United States - Michigan,2012,-1049.921052631579
United States - Michigan,2013,-85.27950310559007
United States - Michigan,2014,-126.0
United States - Michigan,2015,-1005.1486408328514
United States - Michigan,2016,-1554.7792207792209
United States - Michigan,2017,-209.31914893617022
United States - Michigan,2018,-2775.3055555555557
United States - Michigan,2019,-4115.058823529412
United States - Michigan,2020,-4457.263513513513
United States - Michigan,2021,-1425.7142857142858
United States - Michigan,2022,-4283.321428571428
United States - Michigan,2023,-1209.3939393939395
United States - Minnesota,2006,3.1
United States - Minnesota,2007,-1048.9473684210527
United States - Minnesota,2008,-926.8837209302326
United States - Minnesota,2009,3.76056338028169
United States - Minnesota,2010,-349.84705882352944
United States - Minnesota,2011,-830.0833333333334
United States - Minnesota,2012,-1597.24
United States - Minnesota,2013,-2315.409090909091
United States - Minnesota,2014,-766.4615384615385
United States - Minnesota,2015,-1425.0
United States - Minnesota,2016,4.384615384615385
United States - Minnesota,2017,-662.4666666666667
United States - Minnesota,2018,-6665.111111111111
United States - Minnesota,2019,-3384.6451612903224
United States - Minnesota,2020,-1064.629213483146
United States - Minnesota,2021,-2210.4297872340426
United States - Minnesota,2022,-2535.365558912387
United States - Minnesota,2023,-115.88427299703264
United States - Mississippi,2006,2.5
United States - Mississippi,2007,-551.7222222222222
United States - Mississippi,2009,3.5
United States - Mississippi,2010,4.4
United States - Mississippi,2011,3.142857142857143
United States - Mississippi,2012,3.5714285714285716
United States - Mississippi,2013,-828.8333333333334
United States - Mississippi,2014,-781.2142857142857
United States - Mississippi,2015,3.857142857142857
United States - Mississippi,2016,-1996.4
United States - Mississippi,2017,3.8333333333333335
United States - Mississippi,2018,1.0
United States - Mississippi,2019,-1782.607142857143
United States - Mississippi,2020,-2725.0454545454545
United States - Mississippi,2021,-1663.9444444444443
United States - Mississippi,2022,-1736.7608695652175
United States - Mississippi,2023,-1536.2307692307693
United States - Missouri,2006,4.055555555555555
United States - Missouri,2007,-1548.75
United States - Missouri,2008,-1067.392857142857
United States - Missouri,2009,3.727272727272727
United States - Missouri,2010,-218.7111111111111
United States - Missouri,2011,-458.4923076923077
United States - Missouri,2012,-1013.5254237288135
United States - Missouri,2013,-537.2364864864865
United States - Missouri,2014,-23.916666666666668
United States - Missouri,2015,-4.0256410256410255
United States - Missouri,2016,-199.47457627118644
United States - Missouri,2017,-319.48387096774195
United States - Missouri,2018,-1330.4666666666667
United States - Missouri,2019,-3827.744680851064
United States - Missouri,2020,-1260.3052631578948
United States - Missouri,2021,-326.05494505494505
United States - Missouri,2022,-551.4949494949495
United States - Missouri,2023,3.19672131147541
United States - Montana,2006,4.166666666666667
United States - Montana,2007,5.375
United States - Montana,2008,3.0
United States - Montana,2009,5.333333333333333
United States - Montana,2010,-3568.3571428571427
United States - Montana,2011,-2496.5
United States - Montana,2012,-3997.5
United States - Montana,2013,-251.82051282051282
United States - Montana,2014,4.375
United States - Montana,2015,5.0588235294117645
United States - Montana,2016,4.0
United States - Montana,2017,4.181818181818182
United States - Montana,2019,5.454545454545454
United States - Montana,2020,-449.09090909090907
United States - Montana,2021,-1573.8947368421052
United States - Montana,2022,4.333333333333333
United States - Montana,2023,1.875
United States - Nebraska,2006,2.857142857142857
United States - Nebraska,2007,-266.94594594594594
United States - Nebraska,2008,3.3636363636363638
United States - Nebraska,2009,3.35
United States - Nebraska,2010,-3998.2
United States - Nebraska,2011,4.166666666666667
United States - Nebraska,2012,4.375
United States - Nebraska,2013,-97.0
United States - Nebraska,2014,-79.75
United States - Nebraska,2015,3.525
United States - Nebraska,2016,-1589.2592592592594
United States - Nebraska,2017,-1328.4666666666667
United States - Nebraska,2018,-523.2631578947369
United States - Nebraska,2019,-307.25
United States - Nebraska,2020,-309.875
United States - Nebraska,2021,-765.9615384615385
United States - Nebraska,2023,2.8333333333333335
United States - Nevada,2006,4.285714285714286
United States - Nevada,2007,-327.27272727272725
United States - Nevada,2008,3.355769230769231
United States - Nevada,2009,3.660377358490566
United States - Nevada,2010,-2438.4037558685445
United States - Nevada,2011,-299.4848484848485
United States - Nevada,2012,-528.7765957446809
United States - Nevada,2013,-108.37078651685393
United States - Nevada,2014,-1208.5454545454545
United States - Nevada,2015,-370.8375
United States - Nevada,2016,4.774193548387097
United States - Nevada,2017,-450.34090909090907
United States - Nevada,2018,5.428571428571429
United States - Nevada,2019,5.264705882352941
United States - Nevada,2020,-848.5731707317074
United States - Nevada,2021,-1264.6901408450703
United States - Nevada,2022,-4055.6930693069307
United States - Nevada,2023,5.377777777777778
United States - New Hampshire,2006,3.473684210526316
United States - New Hampshire,2007,-727.6341463414634
United States - New Hampshire,2008,-904.9924242424242
United States - New Hampshire,2009,4.35042735042735
United States - New Hampshire,2010,5.55
United States - New Hampshire,2011,-2583.1293103448274
United States - New Hampshire,2012,-663.2666666666667
United States - New Hampshire,2013,-1535.2307692307693
United States - New Hampshire,2014,-33.22222222222222
United States - New Hampshire,2015,-1506.0566037735848
United States - New Hampshire,2016,-844.3220338983051
United States - New Hampshire,2017,-437.75
United States - New Hampshire,2018,-1957.450980392157
United States - New Hampshire,2019,-246.175
United States - New Hampshire,2020,-865.8260869565217
United States - New Hampshire,2021,-1215.9512195121952
United States - New Hampshire,2022,3.5416666666666665
United States - New Hampshire,2023,2.4516129032258065
United States - New Jersey,2006,3.246376811594203
United States - New Jersey,2007,-776.3715596330276
United States - New Jersey,2008,-1559.203125
United States - New Jersey,2009,-69.94117647058823
United States - New Jersey,2010,-1569.426966292135
United States - New Jersey,2011,-1125.9274193548388
United States - New Jersey,2012,-2406.9277108433735
United States - New Jersey,2013,-396.675
United States - New Jersey,2014,-23.45945945945946
United States - New Jersey,2015,-280.4954128440367
United States - New Jersey,2016,-973.3529411764706
United States - New Jersey,2017,-576.4057971014493
United States - New Jersey,2018,-745.1495327102804
United States - New Jersey,2019,-542.3818181818182
United States - New Jersey,2020,-1626.142857142857
United States - New Jersey,2021,-1343.5961538461538
United States - New Jersey,2022,-1480.2754237288136
United States - New Jersey,2023,-233.4023668639053
United States - New Mexico,2006,4.375
United States - New Mexico,2007,-273.0
United States - New Mexico,2008,-535.7837837837837
United States - New Mexico,2009,4.733333333333333
United States - New Mexico,2010,-996.02
United States - New Mexico,2011,-472.04761904761904
United States - New Mexico,2012,-948.4285714285714
United States - New Mexico,2013,-536.2162162162163
United States - New Mexico,2014,-145.72142857142856
United States - New Mexico,2015,4.883720930232558
United States - New Mexico,2016,-329.3666666666667
United States - New Mexico,2017,-12.192982456140351
United States - New Mexico,2018,-1059.468085106383
United States - New Mexico,2019,-1534.0
United States - New Mexico,2020,-688.5076923076923
United States - New Mexico,2021,-550.3888888888889
United States - New Mexico,2022,5.0
United States - New Mexico,2023,4.607142857142857
United States - New York,2006,3.5361702127659576
United States - New York,2007,-2635.4978723404256
United States - New York,2008,-1791.6239316239316
United States - New York,2009,3.3097826086956523
United States - New York,2010,-3762.1833976833977
United States - New York,2011,-2583.875478927203
United States - New York,2012,-1474.5625
United States - New York,2013,-490.2328767123288
United States - New York,2014,-1041.2088353413656
United States - New York,2015,-357.1496598639456
United States - New York,2016,-1489.6044776119404
United States - New York,2017,-1769.4810126582279
United States - New York,2018,-3800.8591549295775
United States - New York,2019,-1766.0748299319728
United States - New York,2020,-2082.159609120521
United States - New York,2021,-3239.327217125382
United States - New York,2022,-1382.7012987012988
United States - New York,2023,-837.013986013986
United States - North Carolina,2006,3.421875
United States - North Carolina,2007,-882.3164556962025
United States - North Carolina,2008,-856.6236559139785
United States - North Carolina,2009,3.5762711864406778
United States - North Carolina,2010,-2097.0192061459666
United States - North Carolina,2011,-1569.1761006289307
United States - North Carolina,2012,-2404.6574074074074
United States - North Carolina,2013,-472.97021276595746
United States - North Carolina,2014,-352.84496124031006
United States - North Carolina,2015,-72.95454545454545
United States - North Carolina,2016,-2022.6528497409327
United States - North Carolina,2017,-1058.511961722488
United States - North Carolina,2018,-2530.0844155844156
United States - North Carolina,2019,-1960.1495327102805
United States - North Carolina,2020,-2426.160714285714
United States - North Carolina,2021,-1580.31654676259
United States - North Carolina,2022,-2580.1324503311257
United States - North Carolina,2023,-90.70496894409938
United States - North Dakota,2006,3.0
United States - North Dakota,2010,-2496.25
United States - North Dakota,2011,2.6666666666666665
United States - North Dakota,2012,1.0
United States - North Dakota,2013,4.0
United States - North Dakota,2014,5.5
United States - North Dakota,2015,4.25
United States - North Dakota,2016,-4996.5
United States - North Dakota,2017,3.0
United States - North Dakota,2018,4.0
United States - North Dakota,2019,-3329.6666666666665
United States - North Dakota,2020,-766.7692307692307
United States - North Dakota,2021,3.6
United States - North Dakota,2022,-9999.0
United States - North Dakota,2023,-3329.3333333333335
United States - Ohio,2006,3.3529411764705883
United States - Ohio,2007,-1314.577519379845
United States - Ohio,2008,-4719.925925925926
United States - Ohio,2009,3.5565217391304347
United States - Ohio,2010,-2122.964566929134
United States - Ohio,2011,-2007.8941798941798
United States - Ohio,2012,-1079.4891774891776
United States - Ohio,2013,-2339.7305936073058
United States - Ohio,2014,-954.739336492891
United States - Ohio,2015,-654.869918699187
United States - Ohio,2016,-3807.197278911565
United States - Ohio,2017,-1450.4948453608247
United States - Ohio,2018,-2247.525
United States - Ohio,2019,-2109.049689440994
United States - Ohio,2020,-2266.6008403361343
United States - Ohio,2021,-2231.192893401015
United States - Ohio,2022,-1410.177536231884
United States - Ohio,2023,2.1526717557251906
United States - Oklahoma,2006,4.095652173913043
United States - Oklahoma,2007,-1424.6031746031747
United States - Oklahoma,2008,-1535.2769230769231
United States - Oklahoma,2009,3.11624649859944
United States - Oklahoma,2010,-1546.3239436619717
United States - Oklahoma,2011,-1356.048717948718
United States - Oklahoma,2012,-830.2873563218391
United States - Oklahoma,2013,-1042.3642533936652
United States - Oklahoma,2014,-954.7816091954023
United States - Oklahoma,2015,4.368421052631579
United States - Oklahoma,2016,-257.4
United States - Oklahoma,2017,-1096.0942408376964
United States - Oklahoma,2018,-2175.772277227723
United States - Oklahoma,2019,-1425.2142857142858
United States - Oklahoma,2020,-216.08029197080293
United States - Oklahoma,2021,-959.0961538461538
United States - Oklahoma,2022,-4997.75
United States - Oklahoma,2023,2.7333333333333334
United States - Oregon,2006,3.3333333333333335
United States - Oregon,2007,-2420.3030303030305
United States - Oregon,2008,-1017.1224489795918
United States - Oregon,2009,3.28125
United States - Oregon,2010,-1871.625
United States - Oregon,2011,-431.69565217391306
United States - Oregon,2012,-3997.275
United States - Oregon,2013,-1081.4893617021276
United States - Oregon,2014,-721.6373056994819
United States - Oregon,2015,-879.2720588235294
United States - Oregon,2016,-381.03205128205127
United States - Oregon,2017,3.608695652173913
United States - Oregon,2018,-1247.212837837838
United States - Oregon,2019,-3001.3498098859313
United States - Oregon,2020,-2087.590163934426
United States - Oregon,2021,-996.26
United States - Oregon,2022,-559.2676056338029
United States - Oregon,2023,2.4477611940298507
United States - Pennsylvania,2006,4.057142857142857
United States - Pennsylvania,2007,-1531.2592592592594
United States - Pennsylvania,2008,-1524.3055555555557
United States - Pennsylvania,2009,3.856164383561644
United States - Pennsylvania,2010,-965.3051546391753
United States - Pennsylvania,2011,-1173.3970588235295
United States - Pennsylvania,2012,-745.8502202643172
United States - Pennsylvania,2013,-1736.7100591715975
United States - Pennsylvania,2014,-1516.3255813953488
United States - Pennsylvania,2015,-534.969040247678
United States - Pennsylvania,2016,-128.7406015037594
United States - Pennsylvania,2017,-891.089430894309
United States - Pennsylvania,2018,-1815.2727272727273
United States - Pennsylvania,2019,-2960.6234567901233
United States - Pennsylvania,2020,-1881.1748878923768
United States - Pennsylvania,2021,-2721.1549815498156
United States - Pennsylvania,2022,-1619.5781094527363
United States - Pennsylvania,2023,-185.73430962343096
United States - Rhode Island,2006,4.5
United States - Rhode Island,2007,3.6666666666666665
United States - Rhode Island,2008,-906.4545454545455
United States - Rhode Island,2009,4.75
United States - Rhode Island,2010,4.0
United States - Rhode Island,2011,3.3333333333333335
United States - Rhode Island,2012,4.5
United States - Rhode Island,2013,-121.75
United States - Rhode Island,2014,-154.0
United States - Rhode Island,2015,4.615384615384615
United States - Rhode Island,2016,4.222222222222222
United States - Rhode Island,2017,-73.0
United States - Rhode Island,2018,-2998.0
United States - Rhode Island,2019,-3331.5
United States - Rhode Island,2020,3.1666666666666665
United States - Rhode Island,2021,-1997.5125
United States - Rhode Island,2022,2.857142857142857
United States - Rhode Island,2023,0.9444444444444444
United States - South Carolina,2006,3.5225225225225225
United States - South Carolina,2007,-234.76190476190476
United States - South Carolina,2008,-152.375
United States - South Carolina,2009,3.9344262295081966
United States - South Carolina,2010,-1923.6146788990825
United States - South Carolina,2011,-1557.7804232804233
United States - South Carolina,2012,-3204.8850226928894
United States - South Carolina,2013,-2022.0158172231986
United States - South Carolina,2014,-2443.861952861953
United States - South Carolina,2015,-318.7096774193548
United States - South Carolina,2016,4.0
United States - South Carolina,2017,-551.6388888888889
United States - South Carolina,2018,-3331.0
United States - South Carolina,2019,4.666666666666667
United States - South Carolina,2020,-1151.3076923076924
United States - South Carolina,2021,-664.0666666666667
United States - South Carolina,2022,-662.8
United States - South Carolina,2023,2.3846153846153846
United States - South Dakota,2006,4.666666666666667
United States - South Dakota,2007,5.0
United States - South Dakota,2008,5.0
United States - South Dakota,2009,3.75
United States - South Dakota,2010,6.5
United States - South Dakota,2012,3.0
United States - South Dakota,2013,4.769230769230769
United States - South Dakota,2014,3.3333333333333335
United States - South Dakota,2016,5.866666666666666
United States - South Dakota,2017,4.555555555555555
United States - South Dakota,2018,1.0
United States - South Dakota,2020,4.333333333333333
United States - South Dakota,2021,6.0
United States - South Dakota,2022,-3331.5238095238096
United States - South Dakota,2023,5.166666666666667
United States - Tennessee,2006,3.111111111111111
United States - Tennessee,2007,-964.0
United States - Tennessee,2008,-252.05128205128204
United States - Tennessee,2009,3.1728395061728394
United States - Tennessee,2010,-2527.144578313253
United States - Tennessee,2011,3.8421052631578947
United States - Tennessee,2012,-1576.0
United States - Tennessee,2013,-20.333333333333332
United States - Tennessee,2014,-452.4852941176471
United States - Tennessee,2015,4.104166666666667
United States - Tennessee,2016,3.582089552238806
United States - Tennessee,2017,-1197.32
United States - Tennessee,2018,-996.3
United States - Tennessee,2019,-318.48387096774195
United States - Tennessee,2020,3.2
United States - Tennessee,2021,-2289.3541666666665
United States - Tennessee,2022,-1663.8333333333333
United States - Tennessee,2023,2.557377049180328
United States - Texas,2006,3.2675
United States - Texas,2007,-1052.9612676056338
United States - Texas,2008,-682.2114285714285
United States - Texas,2009,3.645244215938303
United States - Texas,2010,-1208.4665461121158
United States - Texas,2011,-669.0756302521008
United States - Texas,2012,-1018.3824228028503
United States - Texas,2013,-502.5534351145038
United States - Texas,2014,-531.290973871734
United States - Texas,2015,-1100.6315338474722
United States - Texas,2016,-640.6695278969958
United States - Texas,2017,-622.1758865248227
United States - Texas,2018,-1797.4466666666667
United States - Texas,2019,-1449.71875
United States - Texas,2020,-1251.3225083986563
United States - Texas,2021,-1463.9069111424542
United States - Texas,2022,-823.1917293233083
United States - Texas,2023,-45.11802232854865
United States - Utah,2006,3.8333333333333335
United States - Utah,2007,-765.0
United States - Utah,2008,-766.1538461538462
United States - Utah,2009,4.0
United States - Utah,2010,4.1875
United States - Utah,2011,3.4285714285714284
United States - Utah,2012,-1814.5454545454545
United States - Utah,2013,5.129032258064516
United States - Utah,2014,-421.3636363636364
United States - Utah,2015,-67.19642857142857
United States - Utah,2016,4.855263157894737
United States - Utah,2017,-1280.8440366972477
United States - Utah,2018,-412.6666666666667
United States - Utah,2019,-1548.448275862069
United States - Utah,2020,-2274.149855907781
United States - Utah,2021,-828.7083333333334
United States - Utah,2022,-1268.8545454545454
United States - Utah,2023,-196.3
United States - Vermont,2006,4.3076923076923075
United States - Vermont,2007,5.333333333333333
United States - Vermont,2008,5.666666666666667
United States - Vermont,2009,5.117647058823529
United States - Vermont,2010,-709.7142857142857
United States - Vermont,2011,3.875
United States - Vermont,2012,-905.1818181818181
United States - Vermont,2013,4.285714285714286
United States - Vermont,2014,3.75
United States - Vermont,2015,4.125
United States - Vermont,2016,4.2105263157894735
United States - Vermont,2017,4.6875
United States - Vermont,2018,-450.8181818181818
United States - Vermont,2019,-963.9354838709677
United States - Vermont,2020,-3074.3846153846152
United States - Vermont,2021,4.230769230769231
United States - Vermont,2023,3.5454545454545454
United States - Virginia,2006,3.4558823529411766
United States - Virginia,2007,-1238.4226579520698
United States - Virginia,2008,-584.4705882352941
United States - Virginia,2009,2.9027777777777777
United States - Virginia,2010,-2547.02
United States - Virginia,2011,-2018.3085106382978
United States - Virginia,2012,-1376.2758620689656
United States - Virginia,2013,-1080.1
United States - Virginia,2014,-482.79605263157896
United States - Virginia,2015,-34.02651515151515
United States - Virginia,2016,-238.77380952380952
United States - Virginia,2017,-86.66363636363636
United States - Virginia,2018,-2628.915789473684
United States - Virginia,2019,-1987.3930348258707
United States - Virginia,2020,-3345.973214285714
United States - Virginia,2021,-2171.472049689441
United States - Virginia,2022,-1546.2676056338028
United States - Virginia,2023,-1304.7923076923078
United States - Washington,2006,4.0
United States - Washington,2007,-1150.576923076923
United States - Washington,2008,-1471.688524590164
United States - Washington,2009,3.702127659574468
United States - Washington,2010,-1005.743119266055
United States - Washington,2011,-1068.0833333333333
United States - Washington,2012,-2304.3846153846152
United States - Washington,2013,-1393.5220588235295
United States - Washington,2014,-736.96
United States - Washington,2015,-332.5882352941176
United States - Washington,2016,-678.8636363636364
United States - Washington,2017,-964.1612903225806
United States - Washington,2018,-1288.032258064516
United States - Washington,2019,-1398.3943965517242
United States - Washington,2020,-2861.9186893203882
United States - Washington,2021,-3218.4763193504737
United States - Washington,2022,-3857.986
United States - Washington,2023,-568.1271929824561
United States - West Virginia,2006,3.6417910447761193
United States - West Virginia,2007,-4036.5
United States - West Virginia,2008,-4997.952755905511
United States - West Virginia,2009,3.246987951807229
United States - West Virginia,2010,-3217.5037664783426
United States - West Virginia,2011,-5627.644444444444
United States - West Virginia,2012,-996.7
United States - West Virginia,2013,4.5
United States - West Virginia,2014,-230.40425531914894
United States - West Virginia,2015,5.090909090909091
United States - West Virginia,2016,-1477.7777777777778
United States - West Virginia,2017,-3718.139534883721
United States - West Virginia,2018,-4563.478260869565
United States - West Virginia,2019,3.3333333333333335
United States - West Virginia,2020,-3115.6344086021504
United States - West Virginia,2021,-2270.409090909091
United States - West Virginia,2022,-2378.5079365079364
United States - West Virginia,2023,-259.7105263157895
United States - Wisconsin,2006,3.775
United States - Wisconsin,2007,-841.4507042253521
United States - Wisconsin,2008,-1871.78125
United States - Wisconsin,2009,3.7472527472527473
United States - Wisconsin,2010,-606.1463414634146
United States - Wisconsin,2011,-711.0238095238095
United States - Wisconsin,2012,-759.5508474576271
United States - Wisconsin,2013,-431.3623188405797
United States - Wisconsin,2014,-292.8918918918919
United States - Wisconsin,2015,4.592592592592593
United States - Wisconsin,2016,-112.43529411764706
United States - Wisconsin,2017,-75.552
United States - Wisconsin,2018,-1098.8503937007874
United States - Wisconsin,2019,-1512.2121212121212
United States - Wisconsin,2020,-1821.6283783783783
United States - Wisconsin,2021,-209.32624113475177
United States - Wisconsin,2022,-1330.6
United States - Wisconsin,2023,-485.0609756097561
United States - Wyoming,2006,1.5
United States - Wyoming,2007,5.0
United States - Wyoming,2008,5.333333333333333
United States - Wyoming,2009,5.0
United States - Wyoming,2010,-1172.5882352941176
United States - Wyoming,2011,3.8333333333333335
United States - Wyoming,2013,3.7333333333333334
United States - Wyoming,2014,4.739130434782608
United States - Wyoming,2015,-162.5
United States - Wyoming,2016,4.166666666666667
United States - Wyoming,2017,-661.8666666666667
United States - Wyoming,2018,5.0
United States - Wyoming,2019,4.75
United States - Wyoming,2020,-5291.588235294118
United States - Wyoming,2021,-3329.6666666666665
United States - Wyoming,2022,5.8
United States - Wyoming,2023,4.666666666666667
Uruguay,2006,4.0
Uruguay,2007,4.166666666666667
Uruguay,2008,2.6818181818181817
Uruguay,2009,4.125
Uruguay,2010,-182.9626168224299
Uruguay,2011,4.333333333333333
Uruguay,2012,3.834710743801653
Uruguay,2013,-184.9056603773585
Uruguay,2014,3.8679245283018866
Uruguay,2015,-384.5217993079585
Uruguay,2016,-1168.4324324324325
Uruguay,2017,-1679.2199223803364
Uruguay,2018,-1247.853448275862
Uruguay,2019,-1930.2134831460673
Uruguay,2020,-1744.9538834951456
Uruguay,2021,-1059.1406374501992
Uruguay,2022,-1178.172708962739
Uruguay,2023,2.342665500145815
Uzbekistan,2010,-5997.6
Uzbekistan,2017,5.0
Uzbekistan,2018,4.0
Venezuela,2006,6.0
Venezuela,2009,4.0
Venezuela,2010,3.3333333333333335
Venezuela,2011,-1108.0
Venezuela,2012,3.5454545454545454
Venezuela,2013,-2498.375
Venezuela,2014,3.0
Venezuela,2015,4.5
Venezuela,2017,3.0
Venezuela,2019,2.3333333333333335
Venezuela,2020,-2497.25
Venezuela,2021,2.0
Venezuela,2022,2.3333333333333335
Venezuela,2023,2.5
Vietnam,2006,3.230769230769231
Vietnam,2009,3.0
Vietnam,2011,3.0
Vietnam,2012,5.5
Vietnam,2013,-730.3333333333334
Vietnam,2014,1.0
Vietnam,2015,-452.54545454545456
Vietnam,2016,-4713.285714285715
Vietnam,2017,3.0
Vietnam,2018,1.0
Vietnam,2021,3.0
Vietnam,2022,4.0
Vietnam,2023,3.0
Virgin Islands,2010,-9999.0
Virgin Islands,2011,4.0
Virgin Islands,2012,3.5
Virgin Islands,2013,4.0
Virgin Islands,2014,5.0
Virgin Islands,2020,-1662.6666666666667
Virgin Islands,2023,3.0
Wake Island,2023,7.0
Yemen,2006,3.3333333333333335
Yemen,2011,4.0
Yemen,2015,5.0
Zambia,2011,4.0
Zambia,2016,5.0
Zambia,2017,4.5
Zimbabwe,2006,5.0
Zimbabwe,2011,6.0
Zimbabwe,2013,3.0
Zimbabwe,2017,4.833333333333333
Zimbabwe,2020,3.6666666666666665
Zimbabwe,2021,-9999.0
Zimbabwe,2023,3.6666666666666665
